"SECONDS";"PID";"VALUE";"UNITS";
"31975.23218";"[BMS] Accumulated charge energy";"4988";"kWh";
"31975.34218";"[BMS] Accumulated discharge energy";"4963";"kWh";
"31975.65918";"[VCU] Vehicle speed";"0";"km/h";
"31975.65918";"Vehicle acceleration";"0";"g";
"31976.08118";"[BMS] Lowest voltage cell #";"200";"";
"31976.29918";"[BMS] State of charge actual";"77.3";"%";
"31976.77118";"Altitude (GPS)";"2.40000009536743";"m";
"31976.77118";"Average speed (GPS)";"2.47907039612909E-06";"km/h";
"31976.77118";"Speed (GPS)";"0";"km/h";
"31976.86718";"[VCU] Odometer";"18184.6";"km";
"31977.14718";"[BMS] Battery total current";"1.5";"A";
"31977.36318";"[BMS] Battery total voltage";"664";"V";
"31977.36318";"HV EV Battery Power";"0.996";"kW";
"31977.44418";"Altitude (GPS)";"10.4681091308594";"m";
"31977.44418";"Average speed (GPS)";"2.05046733190025E-06";"km/h";
"31977.44418";"Speed (GPS)";"0";"km/h";
"31977.46818";"[BMS] Lowest temperature cell value";"30";"℃";
"31977.70218";"[BMS] Highest temperature cell value";"31";"℃";
"31977.95018";"[VCU] Engine coolant temperature";"40";"℃";
"31978.07618";"[LVBMS] 12V Battery voltage";"13.7";"V";
"31978.25518";"[BMS] Accumulated charge power [Ah]";"7795";"Ah";
"31978.36918";"[BMS] Accumulated discharge power [Ah]";"7756";"Ah";
"31978.47518";"[BMS] Accumulated charge energy";"4988";"kWh";
"31978.61018";"[BMS] Accumulated discharge energy";"4963";"kWh";
"31979.00518";"[VCU] Vehicle speed";"0";"km/h";
"31979.00518";"Distance travelled";"0";"km";
"31979.00518";"Distance travelled (total)";"0";"km";
"31979.00518";"EV Instant Energy Consumption";"0";"km/kWh";
"31979.00518";"Vehicle acceleration";"0";"g";
"31979.22518";"[BMS] Lowest voltage cell #";"200";"";
"31979.34018";"[BMS] Lowest voltage cell value";"3.315";"V";
"31979.77418";"[BMS] Highest voltage cell #";"3";"";
"31979.97118";"[BMS] Highest voltage cell value";"3.32";"V";
"31980.08618";"[BMS] Charge times";"185";"";
"31980.29418";"[BMS] Times off full power [second-rate]";"38";"";
"31980.54118";"[BMS] State of charge actual";"77.3";"%";
"31980.78118";"[VCU] Odometer";"18184.6";"km";
"31980.93818";"[BMS] Battery total current";"1.5";"A";
"31981.05418";"[BMS] Battery total voltage";"664";"V";
"31981.05418";"HV EV Battery Power";"0.996";"kW";
"31981.11918";"[BMS] Lowest temperature cell value";"30";"℃";
"31981.18318";"[BMS] Highest temperature cell value";"31";"℃";
"31981.30818";"[VCU] Engine coolant temperature";"40";"℃";
"31981.42418";"[LVBMS] 12V Battery voltage";"13.7";"V";
"31981.61218";"[BMS] Accumulated charge power [Ah]";"7795";"Ah";
"31981.87818";"[BMS] Accumulated discharge power [Ah]";"7756";"Ah";
"31981.98118";"[BMS] Accumulated charge energy";"4988";"kWh";
"31982.10418";"[BMS] Accumulated discharge energy";"4963";"kWh";
"31982.22718";"[VCU] Vehicle speed";"0";"km/h";
"31982.22718";"Average speed";"0";"km/h";
"31982.22718";"Distance travelled";"0";"km";
"31982.22718";"Distance travelled (total)";"0";"km";
"31982.22718";"EV Instant Energy Consumption";"0";"km/kWh";
"31982.22718";"Vehicle acceleration";"0";"g";
"31982.39218";"[BMS] Lowest voltage cell #";"110";"";
"31982.64318";"[BMS] Lowest voltage cell value";"3.315";"V";
"31982.75618";"[BMS] Highest voltage cell #";"3";"";
"31982.84018";"[BMS] Highest voltage cell value";"3.32";"V";
"31982.95618";"[BMS] Charge times";"185";"";
"31983.06918";"[BMS] Times off full power [second-rate]";"38";"";
"31983.17218";"[BMS] State of charge actual";"77.3";"%";
"31983.37918";"[VCU] Odometer";"18184.6";"km";
"31983.66818";"[BMS] Battery total current";"1.5";"A";
"31983.77518";"[BMS] Battery total voltage";"664";"V";
"31983.77518";"HV EV Battery Power";"0.996";"kW";
"31983.89918";"[BMS] Lowest temperature cell value";"30";"℃";
"31984.02218";"[BMS] Highest temperature cell value";"31";"℃";
"31984.15918";"[VCU] Engine coolant temperature";"40";"℃";
"31984.27618";"Altitude (GPS)";"2.40000009536743";"m";
"31984.27618";"Average speed (GPS)";"7.4467393676704E-07";"km/h";
"31984.27618";"Speed (GPS)";"0";"km/h";
"31984.28718";"Altitude (GPS)";"2.40000009536743";"m";
"31984.28718";"Average speed (GPS)";"7.43946347042003E-07";"km/h";
"31984.28718";"Speed (GPS)";"0";"km/h";
"31984.41618";"[LVBMS] 12V Battery voltage";"13.7";"V";
"31984.45418";"Altitude (GPS)";"10.4647521972656";"m";
"31984.45418";"Average speed (GPS)";"7.3255991575166E-07";"km/h";
"31984.45418";"Speed (GPS)";"0";"km/h";
"31984.66418";"[BMS] Accumulated charge power [Ah]";"7795";"Ah";
"31984.77818";"[BMS] Accumulated discharge power [Ah]";"7756";"Ah";
"31984.86118";"[BMS] Accumulated charge energy";"4988";"kWh";
"31984.97318";"[BMS] Accumulated discharge energy";"4963";"kWh";
"31985.20018";"[VCU] Vehicle speed";"0";"km/h";
"31985.20018";"Average speed";"0";"km/h";
"31985.20018";"Distance travelled";"0";"km";
"31985.20018";"Distance travelled (total)";"0";"km";
"31985.20018";"EV Instant Energy Consumption";"0";"km/kWh";
"31985.20018";"Vehicle acceleration";"0";"g";
"31985.52218";"[BMS] Lowest voltage cell #";"200";"";
"31985.77918";"[BMS] Lowest voltage cell value";"3.317";"V";
"31985.98618";"[BMS] Highest voltage cell #";"3";"";
"31986.06918";"[BMS] Highest voltage cell value";"3.321";"V";
"31986.16218";"[BMS] Charge times";"185";"";
"31986.37818";"[BMS] Times off full power [second-rate]";"38";"";
"31986.61318";"[BMS] State of charge actual";"77.3";"%";
"31986.77718";"[VCU] Odometer";"18184.6";"km";
"31986.93218";"[BMS] Battery total current";"0";"A";
"31987.04118";"[BMS] Battery total voltage";"664";"V";
"31987.04118";"HV EV Battery Power";"0";"kW";
"31987.16618";"[BMS] Lowest temperature cell value";"30";"℃";
"31987.32918";"[BMS] Highest temperature cell value";"31";"℃";
"31987.45218";"[VCU] Engine coolant temperature";"40";"℃";
"31987.58518";"[LVBMS] 12V Battery voltage";"13.5";"V";
"31987.80118";"[BMS] Accumulated charge power [Ah]";"7795";"Ah";
"31987.92318";"[BMS] Accumulated discharge power [Ah]";"7756";"Ah";
"31988.04618";"[BMS] Accumulated charge energy";"4988";"kWh";
"31988.21018";"[BMS] Accumulated discharge energy";"4963";"kWh";
"31988.40418";"[VCU] Vehicle speed";"0";"km/h";
"31988.40418";"Average speed";"0";"km/h";
"31988.40418";"Distance travelled";"0";"km";
"31988.40418";"Distance travelled (total)";"0";"km";
"31988.40418";"Vehicle acceleration";"0";"g";
"31988.60118";"[BMS] Lowest voltage cell #";"110";"";
"31988.68818";"Altitude (GPS)";"2.40000009536743";"m";
"31988.68818";"Average speed (GPS)";"5.27677485290562E-07";"km/h";
"31988.68818";"Speed (GPS)";"0";"km/h";
"31988.71618";"[BMS] Lowest voltage cell value";"3.316";"V";
"31988.83118";"[BMS] Highest voltage cell #";"172";"";
"31988.94518";"[BMS] Highest voltage cell value";"3.322";"V";
"31989.07918";"[BMS] Charge times";"185";"";
"31989.24318";"[BMS] Times off full power [second-rate]";"38";"";
"31989.42718";"[BMS] State of charge actual";"77.3";"%";
"31989.44818";"Altitude (GPS)";"10.5518798828125";"m";
"31989.44818";"Average speed (GPS)";"5.02437748275364E-07";"km/h";
"31989.44818";"Speed (GPS)";"0";"km/h";
"31990.42318";"[BMS] Battery total current";"0";"A";
"31990.56918";"[BMS] Battery total voltage";"664";"V";
"31990.56918";"HV EV Battery Power";"0";"kW";
"31990.68218";"[BMS] Lowest temperature cell value";"30";"℃";
"31990.89618";"[BMS] Highest temperature cell value";"31";"℃";
"31991.97518";"[LVBMS] 12V Battery voltage";"13.3";"V";
"31992.36418";"[BMS] Accumulated charge power [Ah]";"7795";"Ah";
"31992.49718";"[BMS] Accumulated discharge power [Ah]";"7756";"Ah";
"31992.70118";"[BMS] Accumulated charge energy";"4988";"kWh";
"31992.81418";"[BMS] Accumulated discharge energy";"4963";"kWh";
"31993.96118";"[BMS] Lowest voltage cell #";"200";"";
"31994.24618";"[BMS] Lowest voltage cell value";"3.317";"V";
"31994.35918";"[BMS] Highest voltage cell #";"170";"";
"31994.47118";"[BMS] Highest voltage cell value";"3.321";"V";
"31994.65518";"[BMS] Charge times";"185";"";
"31994.77718";"[BMS] Times off full power [second-rate]";"38";"";
"31994.92118";"[BMS] State of charge actual";"77.3";"%";
"31995.93618";"[BMS] Battery total current";"0";"A";
"31996.14318";"[BMS] Battery total voltage";"664";"V";
"31996.14318";"HV EV Battery Power";"0";"kW";
"31996.26818";"[BMS] Lowest temperature cell value";"30";"℃";
"31996.40318";"[BMS] Highest temperature cell value";"31";"℃";
"31996.84718";"Altitude (GPS)";"2.5";"m";
"31996.84718";"Altitude (GPS)";"2.5";"m";
"31996.84718";"Average speed (GPS)";"3.42890024754971E-07";"km/h";
"31996.84718";"Average speed (GPS)";"3.42880237983277E-07";"km/h";
"31996.84718";"Speed (GPS)";"0";"km/h";
"31996.84718";"Speed (GPS)";"0";"km/h";
"31997.29118";"[LVBMS] 12V Battery voltage";"13.2";"V";
"31997.47718";"Altitude (GPS)";"9.07876586914063";"m";
"31997.47718";"Average speed (GPS)";"0.0511195995623529";"km/h";
"31997.47718";"Speed (GPS)";"1.94400007724762";"km/h";
"31997.47818";"Altitude (GPS)";"9.07876586914063";"m";
"31997.47818";"Average speed (GPS)";"0.0512017087316347";"km/h";
"31997.47818";"Speed (GPS)";"1.94400007724762";"km/h";
"31997.51218";"[BMS] Accumulated charge power [Ah]";"7795";"Ah";
"31997.85018";"[BMS] Accumulated discharge power [Ah]";"7756";"Ah";
"31998.14118";"[BMS] Accumulated charge energy";"4988";"kWh";
"31998.26818";"[BMS] Accumulated discharge energy";"4963";"kWh";
"31998.46818";"Altitude (GPS)";"2.5";"m";
"31998.46818";"Average speed (GPS)";"0.147821625560263";"km/h";
"31998.46818";"Speed (GPS)";"2.48170788288116";"km/h";
"31999.25518";"[BMS] Lowest voltage cell #";"200";"";
"31999.37018";"[BMS] Lowest voltage cell value";"3.317";"V";
"31999.44718";"Altitude (GPS)";"8.25735473632813";"m";
"31999.44718";"Average speed (GPS)";"0.369482170654793";"km/h";
"31999.44718";"Speed (GPS)";"6.01199984550476";"km/h";
"31999.44818";"Altitude (GPS)";"8.25735473632813";"m";
"31999.44818";"Average speed (GPS)";"0.369567573484389";"km/h";
"31999.44818";"Speed (GPS)";"6.01199984550476";"km/h";
"31999.46118";"Altitude (GPS)";"2.5";"m";
"31999.46118";"Average speed (GPS)";"0.372476443203329";"km/h";
"31999.46118";"Speed (GPS)";"5.9980339050293";"km/h";
"31999.49718";"[BMS] Highest voltage cell #";"4";"";
"31999.64318";"[BMS] Highest voltage cell value";"3.322";"V";
"31999.91518";"[BMS] Charge times";"185";"";
"32000.03118";"[BMS] Times off full power [second-rate]";"38";"";
"32000.16818";"[BMS] State of charge actual";"77.3";"%";
"32001.05318";"[BMS] Battery total current";"0";"A";
"32001.20018";"[BMS] Battery total voltage";"664";"V";
"32001.20018";"HV EV Battery Power";"0";"kW";
"32001.43218";"[BMS] Lowest temperature cell value";"30";"℃";
"32001.55718";"[BMS] Highest temperature cell value";"31";"℃";
"32001.91818";"Altitude (GPS)";"2.40000009536743";"m";
"32001.91818";"Altitude (GPS)";"2.40000009536743";"m";
"32001.91818";"Average speed (GPS)";"0.340218586315879";"km/h";
"32001.91818";"Average speed (GPS)";"0.340217507003523";"km/h";
"32001.91818";"Speed (GPS)";"0";"km/h";
"32001.91818";"Speed (GPS)";"0";"km/h";
"32002.44518";"Altitude (GPS)";"10.8900451660156";"m";
"32002.44518";"Average speed (GPS)";"0.349761964006382";"km/h";
"32002.44518";"Speed (GPS)";"0.863999980688095";"km/h";
"32002.61218";"[LVBMS] 12V Battery voltage";"13.2";"V";
"32002.94218";"[BMS] Accumulated charge power [Ah]";"7795";"Ah";
"32003.16218";"[BMS] Accumulated discharge power [Ah]";"7756";"Ah";
"32003.36018";"[BMS] Accumulated charge energy";"4988";"kWh";
"32003.44318";"Altitude (GPS)";"11.0858459472656";"m";
"32003.44318";"Average speed (GPS)";"0.382555689912026";"km/h";
"32003.44318";"Speed (GPS)";"1.33200001716614";"km/h";
"32003.44718";"Altitude (GPS)";"2.40000009536743";"m";
"32003.44718";"Average speed (GPS)";"0.382691254082429";"km/h";
"32003.44718";"Speed (GPS)";"1.32955738306046";"km/h";
"32003.48518";"[BMS] Accumulated discharge energy";"4963";"kWh";
"32004.59618";"[BMS] Lowest voltage cell #";"200";"";
"32004.76318";"[BMS] Lowest voltage cell value";"3.317";"V";
"32004.92918";"[BMS] Highest voltage cell #";"170";"";
"32005.05418";"[BMS] Highest voltage cell value";"3.322";"V";
"32005.17918";"[BMS] Charge times";"185";"";
"32005.29418";"[BMS] Times off full power [second-rate]";"38";"";
"32005.51218";"[BMS] State of charge actual";"77.3";"%";
"32006.64618";"[BMS] Battery total current";"0";"A";
"32006.80418";"[BMS] Battery total voltage";"664";"V";
"32006.80418";"HV EV Battery Power";"0";"kW";
"32006.87318";"Altitude (GPS)";"2.40000009536743";"m";
"32006.87318";"Average speed (GPS)";"0.343348867825885";"km/h";
"32006.87318";"Speed (GPS)";"0";"km/h";
"32006.87418";"Altitude (GPS)";"2.40000009536743";"m";
"32006.87418";"Average speed (GPS)";"0.343336823780729";"km/h";
"32006.87418";"Speed (GPS)";"0";"km/h";
"32006.95018";"[BMS] Lowest temperature cell value";"30";"℃";
"32007.06418";"[BMS] Highest temperature cell value";"31";"℃";
"32007.45318";"Altitude (GPS)";"11.5345153808594";"m";
"32007.45318";"Average speed (GPS)";"0.337472669115741";"km/h";
"32007.45318";"Speed (GPS)";"0";"km/h";
"32007.92018";"[LVBMS] 12V Battery voltage";"13.2";"V";
"32008.13918";"[BMS] Accumulated charge power [Ah]";"7795";"Ah";
"32008.26618";"[BMS] Accumulated discharge power [Ah]";"7756";"Ah";
"32008.47018";"Altitude (GPS)";"2.40000009536743";"m";
"32008.47018";"Altitude (GPS)";"2.40000009536743";"m";
"32008.47018";"Average speed (GPS)";"0.344232329840505";"km/h";
"32008.47018";"Average speed (GPS)";"0.344235072935768";"km/h";
"32008.47018";"Speed (GPS)";"0.569630169868469";"km/h";
"32008.47018";"Speed (GPS)";"0.569630169868469";"km/h";
"32008.51818";"[BMS] Accumulated charge energy";"4988";"kWh";
"32008.62518";"[BMS] Accumulated discharge energy";"4963";"kWh";
"32009.44318";"Altitude (GPS)";"11.4130554199219";"m";
"32009.44318";"Average speed (GPS)";"0.355396572435193";"km/h";
"32009.44318";"Speed (GPS)";"0.755999976396561";"km/h";
"32009.44418";"Altitude (GPS)";"11.4130554199219";"m";
"32009.44418";"Average speed (GPS)";"0.355402866836577";"km/h";
"32009.44418";"Speed (GPS)";"0.755999976396561";"km/h";
"32009.45818";"Altitude (GPS)";"2.40000009536743";"m";
"32009.45818";"Average speed (GPS)";"0.355433737144701";"km/h";
"32009.45818";"Speed (GPS)";"0.436275887489319";"km/h";
"32009.62718";"[BMS] Lowest voltage cell #";"190";"";
"32009.75018";"[BMS] Lowest voltage cell value";"3.318";"V";
"32009.89618";"[BMS] Highest voltage cell #";"171";"";
"32010.02118";"[BMS] Highest voltage cell value";"3.322";"V";
"32010.13518";"[BMS] Charge times";"185";"";
"32010.26018";"[BMS] Times off full power [second-rate]";"38";"";
"32010.43718";"[BMS] State of charge actual";"77.3";"%";
"32010.45318";"Average speed (GPS)";"0.423562868433203";"km/h";
"32010.45318";"Speed (GPS)";"2.88000004291534";"km/h";
"32010.45418";"Altitude (GPS)";"11.2798767089844";"m";
"32010.47018";"Altitude (GPS)";"2.40000009536743";"m";
"32010.47018";"Average speed (GPS)";"0.423684930587589";"km/h";
"32010.47018";"Speed (GPS)";"0.69580734372139";"km/h";
"32011.45318";"Altitude (GPS)";"11.6218566894531";"m";
"32011.45318";"Average speed (GPS)";"0.47900091033743";"km/h";
"32011.45318";"Speed (GPS)";"2.55599992275238";"km/h";
"32011.45418";"Altitude (GPS)";"11.6218566894531";"m";
"32011.45418";"Average speed (GPS)";"0.479058333816319";"km/h";
"32011.45418";"Speed (GPS)";"2.55599992275238";"km/h";
"32011.47518";"Altitude (GPS)";"2.40000009536743";"m";
"32011.47518";"Average speed (GPS)";"0.47928596986293";"km/h";
"32011.47518";"Speed (GPS)";"0.890846318006515";"km/h";
"32011.52418";"[BMS] Battery total current";"0";"A";
"32011.65018";"[BMS] Battery total voltage";"664";"V";
"32011.65018";"HV EV Battery Power";"0";"kW";
"32011.78718";"[BMS] Lowest temperature cell value";"30";"℃";
"32011.94218";"[BMS] Highest temperature cell value";"31";"℃";
"32012.11618";"Altitude (GPS)";"2.40000009536743";"m";
"32012.11618";"Average speed (GPS)";"0.471321553893724";"km/h";
"32012.11618";"Speed (GPS)";"0";"km/h";
"32012.11918";"Altitude (GPS)";"2.40000009536743";"m";
"32012.11918";"Average speed (GPS)";"0.471289855852078";"km/h";
"32012.11918";"Speed (GPS)";"0";"km/h";
"32012.13418";"Altitude (GPS)";"2.40000009536743";"m";
"32012.13418";"Average speed (GPS)";"0.47148622873204";"km/h";
"32012.13418";"Speed (GPS)";"0.962487959861755";"km/h";
"32012.46418";"Altitude (GPS)";"11.4951782226563";"m";
"32012.46418";"Average speed (GPS)";"0.482128826268865";"km/h";
"32012.46418";"Speed (GPS)";"1.72799996137619";"km/h";
"32012.46718";"Altitude (GPS)";"2.40000009536743";"m";
"32012.46718";"Average speed (GPS)";"0.482159650440022";"km/h";
"32012.46718";"Speed (GPS)";"0.820820868015289";"km/h";
"32012.81218";"[LVBMS] 12V Battery voltage";"13.1";"V";
"32013.02218";"[BMS] Accumulated charge power [Ah]";"7795";"Ah";
"32013.18818";"[BMS] Accumulated discharge power [Ah]";"7756";"Ah";
"32013.34418";"[BMS] Accumulated charge energy";"4988";"kWh";
"32013.44618";"Altitude (GPS)";"12.4783325195313";"m";
"32013.44618";"Average speed (GPS)";"0.470333728917108";"km/h";
"32013.44618";"Speed (GPS)";"0";"km/h";
"32013.44718";"Altitude (GPS)";"12.4783325195313";"m";
"32013.44718";"Average speed (GPS)";"0.470327846519757";"km/h";
"32013.44718";"Speed (GPS)";"0";"km/h";
"32013.45118";"Altitude (GPS)";"2.40000009536743";"m";
"32013.45118";"Average speed (GPS)";"0.470327226829899";"km/h";
"32013.45118";"Speed (GPS)";"0.464320313930511";"km/h";
"32013.45718";"[BMS] Accumulated discharge energy";"4963";"kWh";
"32014.54318";"[BMS] Lowest voltage cell #";"200";"";
"32014.66818";"[BMS] Lowest voltage cell value";"3.318";"V";
"32014.79318";"[BMS] Highest voltage cell #";"8";"";
"32015.08218";"[BMS] Highest voltage cell value";"3.322";"V";
"32015.33018";"[BMS] Charge times";"185";"";
"32015.45518";"Altitude (GPS)";"13.05859375";"m";
"32015.45518";"Average speed (GPS)";"0.447829397778176";"km/h";
"32015.45518";"Speed (GPS)";"0";"km/h";
"32015.46418";"Altitude (GPS)";"2.40000009536743";"m";
"32015.46418";"Average speed (GPS)";"0.447817514075134";"km/h";
"32015.46418";"Speed (GPS)";"0.389193838834763";"km/h";
"32015.52718";"[BMS] Times off full power [second-rate]";"38";"";
"32015.67418";"[BMS] State of charge actual";"77.3";"%";
"32016.45118";"Altitude (GPS)";"13.021484375";"m";
"32016.45118";"Average speed (GPS)";"0.468990694835002";"km/h";
"32016.45118";"Speed (GPS)";"1.36799998283386";"km/h";
"32016.46318";"Altitude (GPS)";"2.40000009536743";"m";
"32016.46318";"Average speed (GPS)";"0.469032798457297";"km/h";
"32016.46318";"Speed (GPS)";"0.619775515794754";"km/h";
"32016.55118";"[BMS] Battery total current";"0";"A";
"32016.72818";"[BMS] Battery total voltage";"664";"V";
"32016.72818";"HV EV Battery Power";"0";"kW";
"32016.86318";"[BMS] Lowest temperature cell value";"30";"℃";
"32016.93818";"Altitude (GPS)";"3.40000009536743";"m";
"32016.93818";"Average speed (GPS)";"0.463893552895515";"km/h";
"32016.93818";"Speed (GPS)";"0";"km/h";
"32016.93918";"Altitude (GPS)";"3.40000009536743";"m";
"32016.93918";"Average speed (GPS)";"0.463888528047951";"km/h";
"32016.93918";"Speed (GPS)";"0";"km/h";
"32016.95018";"Altitude (GPS)";"3.40000009536743";"m";
"32016.95018";"Average speed (GPS)";"0.46394921850546";"km/h";
"32016.95018";"Speed (GPS)";"0.696950554847717";"km/h";
"32017.05018";"[BMS] Highest temperature cell value";"31";"℃";
"32017.45418";"Altitude (GPS)";"13.2724609375";"m";
"32017.45418";"Average speed (GPS)";"0.458627954288375";"km/h";
"32017.45418";"Speed (GPS)";"0";"km/h";
"32017.45918";"Altitude (GPS)";"3.40000009536743";"m";
"32017.45918";"Average speed (GPS)";"0.458641099808977";"km/h";
"32017.45918";"Speed (GPS)";"0.560919535160065";"km/h";
"32018.02418";"[LVBMS] 12V Battery voltage";"13.1";"V";
"32018.39118";"[BMS] Accumulated charge power [Ah]";"7795";"Ah";
"32018.46318";"Altitude (GPS)";"13.26513671875";"m";
"32018.46318";"Average speed (GPS)";"0.448394964750541";"km/h";
"32018.46318";"Speed (GPS)";"0";"km/h";
"32018.47218";"Altitude (GPS)";"13.26513671875";"m";
"32018.47218";"Average speed (GPS)";"0.448299464394022";"km/h";
"32018.47218";"Speed (GPS)";"0";"km/h";
"32018.47718";"Altitude (GPS)";"3.40000009536743";"m";
"32018.47718";"Average speed (GPS)";"0.448306416169525";"km/h";
"32018.47718";"Speed (GPS)";"0.518660205602646";"km/h";
"32018.50818";"[BMS] Accumulated discharge power [Ah]";"7756";"Ah";
"32018.71818";"[BMS] Accumulated charge energy";"4988";"kWh";
"32018.93818";"[BMS] Accumulated discharge energy";"4963";"kWh";
"32019.46018";"Altitude (GPS)";"13.4180908203125";"m";
"32019.46018";"Average speed (GPS)";"0.458749175358196";"km/h";
"32019.46018";"Speed (GPS)";"0.935999965667725";"km/h";
"32019.47518";"Altitude (GPS)";"3.40000009536743";"m";
"32019.47518";"Average speed (GPS)";"0.458786730522817";"km/h";
"32019.47518";"Speed (GPS)";"0.57411841750145";"km/h";
"32020.17518";"[BMS] Lowest voltage cell #";"200";"";
"32020.29018";"[BMS] Lowest voltage cell value";"3.318";"V";
"32020.45718";"Altitude (GPS)";"14.6570434570313";"m";
"32020.45718";"Average speed (GPS)";"0.449179809101917";"km/h";
"32020.45718";"Speed (GPS)";"0";"km/h";
"32020.46718";"[BMS] Highest voltage cell #";"170";"";
"32020.47118";"Altitude (GPS)";"3.40000009536743";"m";
"32020.47118";"Average speed (GPS)";"0.449231517493852";"km/h";
"32020.47118";"Speed (GPS)";"0.621648824214935";"km/h";
"32020.60318";"[BMS] Highest voltage cell value";"3.322";"V";
"32020.75818";"[BMS] Charge times";"185";"";
"32021.00718";"[BMS] Times off full power [second-rate]";"38";"";
"32021.14218";"[BMS] State of charge actual";"77.3";"%";
"32021.45918";"Altitude (GPS)";"15.0311279296875";"m";
"32021.45918";"Average speed (GPS)";"0.48524268626604";"km/h";
"32021.45918";"Speed (GPS)";"2.19600005149841";"km/h";
"32021.46118";"Altitude (GPS)";"15.0311279296875";"m";
"32021.46118";"Average speed (GPS)";"0.485329593830002";"km/h";
"32021.46118";"Speed (GPS)";"2.19600005149841";"km/h";
"32021.46718";"Altitude (GPS)";"3.40000009536743";"m";
"32021.46718";"Average speed (GPS)";"0.485374494036602";"km/h";
"32021.46718";"Speed (GPS)";"0.877660042047501";"km/h";
"32021.96718";"Altitude (GPS)";"2.70000004768372";"m";
"32021.96718";"Average speed (GPS)";"0.480359101216616";"km/h";
"32021.96718";"Speed (GPS)";"0";"km/h";
"32021.97818";"Altitude (GPS)";"2.70000004768372";"m";
"32021.97818";"Average speed (GPS)";"0.480453306353832";"km/h";
"32021.97818";"Speed (GPS)";"0.901080286502838";"km/h";
"32022.06418";"[BMS] Battery total current";"0";"A";
"32022.21118";"[BMS] Battery total voltage";"664";"V";
"32022.21118";"HV EV Battery Power";"0";"kW";
"32022.34618";"[BMS] Lowest temperature cell value";"30";"℃";
"32022.40718";"Altitude (GPS)";"2.70000004768372";"m";
"32022.40718";"Average speed (GPS)";"0.484078438442156";"km/h";
"32022.40718";"Speed (GPS)";"0.893036073446274";"km/h";
"32022.45218";"Altitude (GPS)";"15.564697265625";"m";
"32022.45218";"Average speed (GPS)";"0.484920304378816";"km/h";
"32022.45218";"Speed (GPS)";"1.40399994850159";"km/h";
"32022.45718";"Altitude (GPS)";"2.70000004768372";"m";
"32022.45718";"Average speed (GPS)";"0.484959678286165";"km/h";
"32022.45718";"Speed (GPS)";"0.894383615255356";"km/h";
"32022.48218";"[BMS] Highest temperature cell value";"31";"℃";
"32023.37218";"[LVBMS] 12V Battery voltage";"13.1";"V";
"32023.60318";"[BMS] Accumulated charge power [Ah]";"7795";"Ah";
"32023.70718";"[BMS] Accumulated discharge power [Ah]";"7756";"Ah";
"32023.95518";"[BMS] Accumulated charge energy";"4988";"kWh";
"32024.08018";"[BMS] Accumulated discharge energy";"4963";"kWh";
"32025.03518";"[BMS] Lowest voltage cell #";"110";"";
"32025.17018";"[BMS] Lowest voltage cell value";"3.318";"V";
"32025.31618";"[BMS] Highest voltage cell #";"3";"";
"32025.45218";"[BMS] Highest voltage cell value";"3.322";"V";
"32025.61818";"[BMS] Charge times";"185";"";
"32025.80518";"[BMS] Times off full power [second-rate]";"38";"";
"32025.94118";"[BMS] State of charge actual";"77.3";"%";
"32026.44618";"Altitude (GPS)";"2.70000004768372";"m";
"32026.44618";"Altitude (GPS)";"2.70000004768372";"m";
"32026.44618";"Average speed (GPS)";"0.624507307431342";"km/h";
"32026.44618";"Average speed (GPS)";"0.624526035088028";"km/h";
"32026.44618";"Speed (GPS)";"2.33547556400299";"km/h";
"32026.44618";"Speed (GPS)";"2.33547556400299";"km/h";
"32026.90118";"[BMS] Battery total current";"0";"A";
"32027.05318";"[BMS] Battery total voltage";"664";"V";
"32027.05318";"HV EV Battery Power";"0";"kW";
"32027.19618";"[BMS] Lowest temperature cell value";"30";"℃";
"32027.34318";"[BMS] Highest temperature cell value";"31";"℃";
"32028.26718";"[LVBMS] 12V Battery voltage";"13";"V";
"32028.47018";"[BMS] Accumulated charge power [Ah]";"7795";"Ah";
"32028.59618";"[BMS] Accumulated discharge power [Ah]";"7756";"Ah";
"32028.76418";"[BMS] Accumulated charge energy";"4988";"kWh";
"32028.87918";"[BMS] Accumulated discharge energy";"4963";"kWh";
"32029.80218";"[BMS] Lowest voltage cell #";"200";"";
"32029.95118";"[BMS] Lowest voltage cell value";"3.318";"V";
"32030.08018";"[BMS] Highest voltage cell #";"170";"";
"32030.22018";"[BMS] Highest voltage cell value";"3.323";"V";
"32030.37818";"[BMS] Charge times";"185";"";
"32030.52618";"[BMS] Times off full power [second-rate]";"38";"";
"32030.67418";"[BMS] State of charge actual";"77.3";"%";
"32031.63118";"[BMS] Battery total current";"0";"A";
"32032.01418";"[BMS] Battery total voltage";"664";"V";
"32032.01418";"HV EV Battery Power";"0";"kW";
"32032.13318";"[BMS] Lowest temperature cell value";"30";"℃";
"32032.25318";"[BMS] Highest temperature cell value";"31";"℃";
"32033.15518";"[LVBMS] 12V Battery voltage";"13";"V";
"32033.34518";"[BMS] Accumulated charge power [Ah]";"7795";"Ah";
"32033.51118";"[BMS] Accumulated discharge power [Ah]";"7756";"Ah";
"32033.63618";"[BMS] Accumulated charge energy";"4988";"kWh";
"32033.75918";"[BMS] Accumulated discharge energy";"4963";"kWh";
"32034.75218";"[BMS] Lowest voltage cell #";"200";"";
"32034.88518";"[BMS] Lowest voltage cell value";"3.318";"V";
"32035.05218";"[BMS] Highest voltage cell #";"174";"";
"32035.16718";"[BMS] Highest voltage cell value";"3.323";"V";
"32035.34718";"[BMS] Charge times";"185";"";
"32035.49218";"[BMS] Times off full power [second-rate]";"38";"";
"32035.64718";"[BMS] State of charge actual";"77.3";"%";
"32036.60918";"[BMS] Battery total current";"0";"A";
"32036.78818";"[BMS] Battery total voltage";"664";"V";
"32036.78818";"HV EV Battery Power";"0";"kW";
"32036.96818";"[BMS] Lowest temperature cell value";"30";"℃";
"32037.11118";"[BMS] Highest temperature cell value";"31";"℃";
"32038.04218";"[LVBMS] 12V Battery voltage";"13";"V";
"32038.22318";"[BMS] Accumulated charge power [Ah]";"7795";"Ah";
"32038.34618";"[BMS] Accumulated discharge power [Ah]";"7756";"Ah";
"32038.46718";"[BMS] Accumulated charge energy";"4988";"kWh";
"32038.61118";"[BMS] Accumulated discharge energy";"4963";"kWh";
"32039.62418";"[BMS] Lowest voltage cell #";"200";"";
"32039.83618";"[BMS] Lowest voltage cell value";"3.318";"V";
"32039.99818";"[BMS] Highest voltage cell #";"170";"";
"32040.14718";"[BMS] Highest voltage cell value";"3.323";"V";
"32040.29518";"[BMS] Charge times";"185";"";
"32040.44318";"[BMS] Times off full power [second-rate]";"38";"";
"32040.59418";"[BMS] State of charge actual";"77.3";"%";
"32041.51418";"[BMS] Battery total current";"0";"A";
"32041.67218";"[BMS] Battery total voltage";"664";"V";
"32041.67218";"HV EV Battery Power";"0";"kW";
"32041.79718";"[BMS] Lowest temperature cell value";"30";"℃";
"32041.97518";"[BMS] Highest temperature cell value";"31";"℃";
"32042.93518";"[LVBMS] 12V Battery voltage";"13";"V";
"32043.14818";"[BMS] Accumulated charge power [Ah]";"7795";"Ah";
"32043.30318";"[BMS] Accumulated discharge power [Ah]";"7756";"Ah";
"32043.47818";"[BMS] Accumulated charge energy";"4988";"kWh";
"32043.60318";"[BMS] Accumulated discharge energy";"4963";"kWh";
"32044.49518";"[BMS] Lowest voltage cell #";"200";"";
"32044.61918";"[BMS] Lowest voltage cell value";"3.318";"V";
"32044.73918";"[BMS] Highest voltage cell #";"3";"";
"32044.86618";"[BMS] Highest voltage cell value";"3.323";"V";
"32045.03418";"[BMS] Charge times";"185";"";
"32045.14918";"[BMS] Times off full power [second-rate]";"38";"";
"32045.27618";"[BMS] State of charge actual";"77.3";"%";
"32046.20618";"[BMS] Battery total current";"0";"A";
"32046.36018";"[BMS] Battery total voltage";"664";"V";
"32046.36018";"HV EV Battery Power";"0";"kW";
"32046.53618";"[BMS] Lowest temperature cell value";"30";"℃";
"32046.66018";"[BMS] Highest temperature cell value";"31";"℃";
"32047.60018";"[LVBMS] 12V Battery voltage";"13";"V";
"32047.83118";"[BMS] Accumulated charge power [Ah]";"7795";"Ah";
"32047.95818";"[BMS] Accumulated discharge power [Ah]";"7756";"Ah";
"32048.07218";"[BMS] Accumulated charge energy";"4988";"kWh";
"32048.35418";"[BMS] Accumulated discharge energy";"4963";"kWh";
"32049.67818";"[BMS] Lowest voltage cell #";"200";"";
"32049.79918";"[BMS] Lowest voltage cell value";"3.318";"V";
"32049.91118";"[BMS] Highest voltage cell #";"170";"";
"32050.03418";"[BMS] Highest voltage cell value";"3.323";"V";
"32050.14718";"[BMS] Charge times";"185";"";
"32050.34618";"[BMS] Times off full power [second-rate]";"38";"";
"32050.53218";"[BMS] State of charge actual";"77.3";"%";
"32051.79418";"[BMS] Battery total current";"0";"A";
"32051.95518";"[BMS] Battery total voltage";"664";"V";
"32051.95518";"HV EV Battery Power";"0";"kW";
"32052.08218";"[BMS] Lowest temperature cell value";"30";"℃";
"32052.25718";"[BMS] Highest temperature cell value";"31";"℃";
"32053.15918";"[LVBMS] 12V Battery voltage";"13";"V";
"32053.71418";"[BMS] Accumulated charge power [Ah]";"7795";"Ah";
"32057.08318";"[BMS] Accumulated charge energy";"7756";"kWh";
"32059.61918";"[BMS] Accumulated discharge energy";"4988";"kWh";
"32248.88318";"Altitude (GPS)";"6.39151993955979";"m";
"32248.88318";"Average speed (GPS)";"1.56421296460208";"km/h";
"32248.88318";"Speed (GPS)";"1.7876800775528";"km/h";
"32248.88418";"Altitude (GPS)";"3.89999985694885";"m";
"32248.88418";"Altitude (GPS)";"3.89999985694885";"m";
"32248.88418";"Average speed (GPS)";"1.56420955592789";"km/h";
"32248.88418";"Average speed (GPS)";"1.56420891964368";"km/h";
"32248.88418";"Speed (GPS)";"0";"km/h";
"32248.88418";"Speed (GPS)";"0";"km/h";
"32249.62618";"Altitude (GPS)";"11.0671691894531";"m";
"32249.62618";"Altitude (GPS)";"11.0671691894531";"m";
"32249.62618";"Average speed (GPS)";"1.56000231957279";"km/h";
"32249.62618";"Average speed (GPS)";"1.56000099733549";"km/h";
"32249.62618";"Speed (GPS)";"0";"km/h";
"32249.62618";"Speed (GPS)";"0";"km/h";
"32249.63118";"Altitude (GPS)";"6.63881740050262";"m";
"32249.63118";"Altitude (GPS)";"6.63881740050262";"m";
"32249.63118";"Average speed (GPS)";"1.55998296312173";"km/h";
"32249.63118";"Average speed (GPS)";"1.55998216289168";"km/h";
"32249.63118";"Speed (GPS)";"0.502902603149414";"km/h";
"32249.63118";"Speed (GPS)";"0.502902603149414";"km/h";
"32250.45218";"Altitude (GPS)";"10.8835754394531";"m";
"32250.45218";"Average speed (GPS)";"1.55535797841286";"km/h";
"32250.45218";"Speed (GPS)";"0";"km/h";
"32250.46218";"Altitude (GPS)";"6.50258959327903";"m";
"32250.46218";"Altitude (GPS)";"6.50258959327903";"m";
"32250.46218";"Average speed (GPS)";"1.55531001661639";"km/h";
"32250.46218";"Average speed (GPS)";"1.5553085135236";"km/h";
"32250.46218";"Speed (GPS)";"0.181623905897141";"km/h";
"32250.46218";"Speed (GPS)";"0.181623905897141";"km/h";
"32251.45718";"Altitude (GPS)";"10.8022155761719";"m";
"32251.45718";"Average speed (GPS)";"1.54974267053895";"km/h";
"32251.45718";"Speed (GPS)";"0";"km/h";
"32251.45818";"Average speed (GPS)";"1.54973339518007";"km/h";
"32251.45818";"Speed (GPS)";"0.20718238055706";"km/h";
"32251.45918";"Altitude (GPS)";"6.50258959327903";"m";
"32252.45818";"Altitude (GPS)";"10.794677734375";"m";
"32252.45818";"Average speed (GPS)";"1.54417850485075";"km/h";
"32252.45818";"Speed (GPS)";"0";"km/h";
"32252.46118";"Altitude (GPS)";"6.33494577731688";"m";
"32252.46118";"Average speed (GPS)";"1.54416305479536";"km/h";
"32252.46118";"Speed (GPS)";"0.197967477142811";"km/h";
"32254.24518";"Altitude (GPS)";"3.89999985694885";"m";
"32254.24518";"Average speed (GPS)";"1.53435329544608";"km/h";
"32254.24518";"Speed (GPS)";"0";"km/h";
"32254.25018";"Average speed (GPS)";"1.53432807340049";"km/h";
"32254.25018";"Speed (GPS)";"0.332336077094078";"km/h";
"32254.25118";"Altitude (GPS)";"6.03752310723071";"m";
"32259.21318";"Altitude (GPS)";"3.89999985694885";"m";
"32259.21318";"Average speed (GPS)";"1.50767533986852";"km/h";
"32259.21318";"Speed (GPS)";"0";"km/h";
"32259.22018";"Altitude (GPS)";"6.07734163154902";"m";
"32259.22018";"Average speed (GPS)";"1.50764270418833";"km/h";
"32259.22018";"Speed (GPS)";"0.228963366150856";"km/h";
"32264.25618";"Altitude (GPS)";"3.89999985694885";"m";
"32264.25618";"Average speed (GPS)";"1.48152392183432";"km/h";
"32264.25618";"Speed (GPS)";"0";"km/h";
"32264.27218";"Altitude (GPS)";"6.12327615106754";"m";
"32264.27218";"Average speed (GPS)";"1.48144585598111";"km/h";
"32264.27218";"Speed (GPS)";"0.0225640783086419";"km/h";
"32264.46318";"Altitude (GPS)";"6.11699173088356";"m";
"32264.46318";"Average speed (GPS)";"1.48049080491357";"km/h";
"32264.46318";"Speed (GPS)";"0.0249970832839608";"km/h";
"32269.30818";"Altitude (GPS)";"3.89999985694885";"m";
"32269.30818";"Average speed (GPS)";"1.45623722072288";"km/h";
"32269.30818";"Speed (GPS)";"0";"km/h";
"32269.45118";"Altitude (GPS)";"10.1168518066406";"m";
"32269.45118";"Average speed (GPS)";"1.45553380327003";"km/h";
"32269.45118";"Speed (GPS)";"0";"km/h";
"32274.28618";"Altitude (GPS)";"3.89999985694885";"m";
"32274.28618";"Average speed (GPS)";"1.43213186303432";"km/h";
"32274.28618";"Speed (GPS)";"0";"km/h";
"32274.45818";"Altitude (GPS)";"9.97561645507813";"m";
"32274.45818";"Average speed (GPS)";"1.43131420271673";"km/h";
"32274.45818";"Speed (GPS)";"0";"km/h";
"32274.45918";"Altitude (GPS)";"9.97561645507813";"m";
"32274.45918";"Average speed (GPS)";"1.431310773196";"km/h";
"32274.45918";"Speed (GPS)";"0";"km/h";
"32279.33118";"Altitude (GPS)";"3.89999985694885";"m";
"32279.33118";"Average speed (GPS)";"1.40850265012451";"km/h";
"32279.33118";"Speed (GPS)";"0";"km/h";
"32279.45518";"Altitude (GPS)";"9.82907104492188";"m";
"32279.45518";"Average speed (GPS)";"1.40793484479319";"km/h";
"32279.45518";"Speed (GPS)";"0";"km/h";
"32284.31618";"Altitude (GPS)";"3.89999985694885";"m";
"32284.31618";"Average speed (GPS)";"1.38590802999461";"km/h";
"32284.31618";"Speed (GPS)";"0";"km/h";
"32284.44718";"Altitude (GPS)";"9.6820068359375";"m";
"32284.44718";"Average speed (GPS)";"1.38532574551263";"km/h";
"32284.44718";"Speed (GPS)";"0";"km/h";
"32289.34118";"Altitude (GPS)";"3.89999985694885";"m";
"32289.34118";"Average speed (GPS)";"1.36385583349851";"km/h";
"32289.34118";"Speed (GPS)";"0";"km/h";
"32289.34318";"Altitude (GPS)";"3.89999985694885";"m";
"32289.34318";"Average speed (GPS)";"1.36384666900141";"km/h";
"32289.34318";"Speed (GPS)";"0";"km/h";
"32289.45318";"Altitude (GPS)";"9.54193115234375";"m";
"32289.45318";"Average speed (GPS)";"1.36337278795393";"km/h";
"32289.45318";"Speed (GPS)";"0";"km/h";
"32294.40418";"Altitude (GPS)";"3.89999985694885";"m";
"32294.40418";"Altitude (GPS)";"3.89999985694885";"m";
"32294.40418";"Average speed (GPS)";"1.34233611689501";"km/h";
"32294.40418";"Average speed (GPS)";"1.34233509609352";"km/h";
"32294.40418";"Speed (GPS)";"0";"km/h";
"32294.40418";"Speed (GPS)";"0";"km/h";
"32294.46418";"Altitude (GPS)";"9.3787841796875";"m";
"32294.46418";"Average speed (GPS)";"1.34208486667974";"km/h";
"32294.46418";"Speed (GPS)";"0";"km/h";
"32299.43818";"Altitude (GPS)";"3.89999985694885";"m";
"32299.43818";"Average speed (GPS)";"1.32160058547815";"km/h";
"32299.43818";"Speed (GPS)";"0";"km/h";
"32299.45318";"Altitude (GPS)";"9.28958129882813";"m";
"32299.45318";"Average speed (GPS)";"1.32154157447677";"km/h";
"32299.45318";"Speed (GPS)";"0";"km/h";
"32304.43718";"Altitude (GPS)";"3.89999985694885";"m";
"32304.43718";"Average speed (GPS)";"1.30163295999108";"km/h";
"32304.43718";"Speed (GPS)";"0";"km/h";
"32304.43818";"Altitude (GPS)";"3.89999985694885";"m";
"32304.43818";"Average speed (GPS)";"1.30163216144112";"km/h";
"32304.43818";"Speed (GPS)";"0";"km/h";
"32304.45218";"Altitude (GPS)";"9.15213012695313";"m";
"32304.45218";"Average speed (GPS)";"1.30157681212202";"km/h";
"32304.45218";"Speed (GPS)";"0";"km/h";
"32307.44718";"Altitude (GPS)";"9.04910278320313";"m";
"32307.44718";"Average speed (GPS)";"1.28989916614986";"km/h";
"32307.44718";"Speed (GPS)";"0";"km/h";
"32309.42318";"Altitude (GPS)";"3.89999985694885";"m";
"32309.42318";"Average speed (GPS)";"1.28231180710272";"km/h";
"32309.42318";"Speed (GPS)";"0";"km/h";
"32309.45418";"Altitude (GPS)";"9.00747680664063";"m";
"32309.45418";"Average speed (GPS)";"1.28219464480376";"km/h";
"32309.45418";"Speed (GPS)";"0";"km/h";
"32314.49418";"Altitude (GPS)";"3.89999985694885";"m";
"32314.49418";"Average speed (GPS)";"1.26323777380741";"km/h";
"32314.49418";"Speed (GPS)";"0";"km/h";
"32315.45218";"Altitude (GPS)";"8.78903198242188";"m";
"32315.45218";"Average speed (GPS)";"1.2596986353408";"km/h";
"32315.45218";"Speed (GPS)";"0";"km/h";
"32319.60918";"Altitude (GPS)";"3.89999985694885";"m";
"32319.60918";"Average speed (GPS)";"1.24456713714501";"km/h";
"32319.60918";"Average speed (GPS)";"1.24456610498402";"km/h";
"32319.60918";"Speed (GPS)";"0";"km/h";
"32319.60918";"Speed (GPS)";"0";"km/h";
"32319.61018";"Altitude (GPS)";"3.89999985694885";"m";
"32320.46818";"Altitude (GPS)";"8.66619873046875";"m";
"32320.46818";"Average speed (GPS)";"1.24148679273118";"km/h";
"32320.46818";"Speed (GPS)";"0";"km/h";
"32324.53918";"Altitude (GPS)";"3.89999985694885";"m";
"32324.53918";"Average speed (GPS)";"1.22708749664693";"km/h";
"32324.53918";"Speed (GPS)";"0";"km/h";
"32325.45818";"Altitude (GPS)";"8.52764892578125";"m";
"32325.45818";"Average speed (GPS)";"1.22388332072346";"km/h";
"32325.45818";"Speed (GPS)";"0";"km/h";
"32329.48818";"Altitude (GPS)";"3.89999985694885";"m";
"32329.48818";"Altitude (GPS)";"3.89999985694885";"m";
"32329.48818";"Average speed (GPS)";"1.21002547713005";"km/h";
"32329.48818";"Average speed (GPS)";"1.21002479042634";"km/h";
"32329.48818";"Speed (GPS)";"0";"km/h";
"32329.48818";"Speed (GPS)";"0";"km/h";
"32330.45818";"Altitude (GPS)";"3.89999985694885";"m";
"32330.45818";"Average speed (GPS)";"1.2071434837832";"km/h";
"32330.45818";"Speed (GPS)";"0.149467223882675";"km/h";
"32330.46018";"Altitude (GPS)";"8.39581298828125";"m";
"32330.46018";"Average speed (GPS)";"1.20713676674612";"km/h";
"32330.46018";"Speed (GPS)";"0";"km/h";
"32334.52718";"Altitude (GPS)";"3.89999985694885";"m";
"32334.52718";"Average speed (GPS)";"1.19353572541024";"km/h";
"32334.52718";"Speed (GPS)";"0";"km/h";
"32335.45318";"Altitude (GPS)";"8.27383422851563";"m";
"32335.45318";"Average speed (GPS)";"1.19048214231339";"km/h";
"32335.45318";"Speed (GPS)";"0";"km/h";
"32339.51618";"Altitude (GPS)";"3.89999985694885";"m";
"32339.51618";"Average speed (GPS)";"1.17726476260803";"km/h";
"32339.51618";"Speed (GPS)";"0";"km/h";
"32339.52018";"Altitude (GPS)";"3.89999985694885";"m";
"32339.52018";"Average speed (GPS)";"1.17725188889706";"km/h";
"32339.52018";"Speed (GPS)";"0";"km/h";
"32340.45318";"Altitude (GPS)";"8.14205932617188";"m";
"32340.45318";"Average speed (GPS)";"1.17425738424576";"km/h";
"32340.45318";"Speed (GPS)";"0";"km/h";
"32344.53618";"Altitude (GPS)";"3.89999985694885";"m";
"32344.53618";"Average speed (GPS)";"1.16133467641253";"km/h";
"32344.53618";"Speed (GPS)";"0";"km/h";
"32345.45718";"Altitude (GPS)";"8.01019287109375";"m";
"32345.45718";"Average speed (GPS)";"1.15845849684272";"km/h";
"32345.45718";"Speed (GPS)";"0";"km/h";
"32345.46118";"Altitude (GPS)";"8.01019287109375";"m";
"32345.46118";"Average speed (GPS)";"1.15844552343014";"km/h";
"32345.46118";"Speed (GPS)";"0";"km/h";
"32349.55218";"Altitude (GPS)";"3.89999985694885";"m";
"32349.55218";"Average speed (GPS)";"1.1458435063393";"km/h";
"32349.55218";"Speed (GPS)";"0";"km/h";
"32350.45418";"Altitude (GPS)";"7.88058471679688";"m";
"32350.45418";"Average speed (GPS)";"1.14310085692392";"km/h";
"32350.45418";"Speed (GPS)";"0";"km/h";
"32354.57418";"Altitude (GPS)";"3.89999985694885";"m";
"32354.57418";"Average speed (GPS)";"1.13074015296667";"km/h";
"32354.57418";"Speed (GPS)";"0";"km/h";
"32355.45018";"Altitude (GPS)";"7.75665283203125";"m";
"32355.45018";"Average speed (GPS)";"1.12814690934013";"km/h";
"32355.45018";"Speed (GPS)";"0";"km/h";
"32359.60918";"Altitude (GPS)";"3.89999985694885";"m";
"32359.60918";"Average speed (GPS)";"1.11599246818418";"km/h";
"32359.60918";"Speed (GPS)";"0";"km/h";
"32360.45318";"Altitude (GPS)";"7.62139892578125";"m";
"32360.45318";"Average speed (GPS)";"1.11355882197066";"km/h";
"32360.45318";"Speed (GPS)";"0";"km/h";
"32364.62118";"Altitude (GPS)";"3.89999985694885";"m";
"32364.62118";"Average speed (GPS)";"1.10168898673194";"km/h";
"32364.62118";"Speed (GPS)";"0";"km/h";
"32364.62218";"Altitude (GPS)";"3.89999985694885";"m";
"32364.62218";"Average speed (GPS)";"1.10168673869652";"km/h";
"32364.62218";"Speed (GPS)";"0";"km/h";
"32365.45118";"Altitude (GPS)";"7.47793579101563";"m";
"32365.45118";"Average speed (GPS)";"1.09935567318765";"km/h";
"32365.45118";"Speed (GPS)";"0";"km/h";
"32369.45518";"Altitude (GPS)";"3.89999985694885";"m";
"32369.45518";"Average speed (GPS)";"1.088633430743";"km/h";
"32369.45518";"Speed (GPS)";"0.0390154223889113";"km/h";
"32369.63218";"Altitude (GPS)";"3.89999985694885";"m";
"32369.63218";"Average speed (GPS)";"1.08814757902944";"km/h";
"32369.63218";"Speed (GPS)";"0";"km/h";
"32369.63318";"Altitude (GPS)";"3.89999985694885";"m";
"32369.63318";"Average speed (GPS)";"1.08814415594206";"km/h";
"32369.63318";"Speed (GPS)";"0";"km/h";
"32370.45718";"Altitude (GPS)";"7.35726928710938";"m";
"32370.45718";"Average speed (GPS)";"1.0858838938353";"km/h";
"32370.45718";"Speed (GPS)";"0";"km/h";
"32374.66318";"Altitude (GPS)";"3.89999985694885";"m";
"32374.66318";"Average speed (GPS)";"1.07449876293027";"km/h";
"32374.66318";"Speed (GPS)";"0";"km/h";
"32375.44918";"Altitude (GPS)";"7.2330322265625";"m";
"32375.44918";"Average speed (GPS)";"1.07239613245167";"km/h";
"32375.44918";"Speed (GPS)";"0";"km/h";
"32379.72118";"Altitude (GPS)";"3.89999985694885";"m";
"32379.72118";"Average speed (GPS)";"1.0611187981077";"km/h";
"32379.72118";"Speed (GPS)";"0";"km/h";
"32380.45318";"Altitude (GPS)";"7.11077880859375";"m";
"32380.45318";"Average speed (GPS)";"1.05920937901734";"km/h";
"32380.45318";"Speed (GPS)";"0";"km/h";
"32384.68818";"Altitude (GPS)";"3.89999985694885";"m";
"32384.68818";"Average speed (GPS)";"1.04829854309262";"km/h";
"32384.68818";"Speed (GPS)";"0";"km/h";
"32385.45018";"Altitude (GPS)";"7.01739501953125";"m";
"32385.45018";"Average speed (GPS)";"1.0463584337533";"km/h";
"32385.45018";"Speed (GPS)";"0";"km/h";
"32385.45118";"Altitude (GPS)";"7.01739501953125";"m";
"32385.45118";"Average speed (GPS)";"1.0463560763512";"km/h";
"32385.45118";"Speed (GPS)";"0";"km/h";
"32389.71318";"Altitude (GPS)";"3.89999985694885";"m";
"32389.71318";"Average speed (GPS)";"1.03564010880434";"km/h";
"32389.71318";"Speed (GPS)";"0";"km/h";
"32390.45318";"Altitude (GPS)";"6.9058837890625";"m";
"32390.45318";"Average speed (GPS)";"1.03380292671805";"km/h";
"32390.45318";"Speed (GPS)";"0";"km/h";
"32394.73518";"Altitude (GPS)";"3.89999985694885";"m";
"32394.73518";"Average speed (GPS)";"1.02329126533353";"km/h";
"32394.73518";"Speed (GPS)";"0";"km/h";
"32394.73618";"Altitude (GPS)";"3.89999985694885";"m";
"32394.73618";"Average speed (GPS)";"1.02329009186654";"km/h";
"32394.73618";"Speed (GPS)";"0";"km/h";
"32395.45518";"Altitude (GPS)";"6.7855224609375";"m";
"32395.45518";"Average speed (GPS)";"1.02154616979843";"km/h";
"32395.45518";"Speed (GPS)";"0";"km/h";
"32399.76518";"Altitude (GPS)";"3.89999985694885";"m";
"32399.76518";"Average speed (GPS)";"1.01121682631904";"km/h";
"32399.76518";"Speed (GPS)";"0";"km/h";
"32400.45218";"Altitude (GPS)";"6.67425537109375";"m";
"32400.45218";"Average speed (GPS)";"1.00958812098797";"km/h";
"32400.45218";"Speed (GPS)";"0";"km/h";
"32404.76518";"Altitude (GPS)";"3.89999985694885";"m";
"32404.76518";"Average speed (GPS)";"0.999491574486516";"km/h";
"32404.76518";"Speed (GPS)";"0";"km/h";
"32404.76718";"Altitude (GPS)";"3.89999985694885";"m";
"32404.76718";"Average speed (GPS)";"0.999487244774855";"km/h";
"32404.76718";"Speed (GPS)";"0";"km/h";
"32405.46418";"Altitude (GPS)";"6.57675170898438";"m";
"32405.46418";"Average speed (GPS)";"0.997873273525024";"km/h";
"32405.46418";"Speed (GPS)";"0";"km/h";
"32409.80818";"Altitude (GPS)";"3.89999985694885";"m";
"32409.80818";"Average speed (GPS)";"0.987937776087259";"km/h";
"32409.80818";"Speed (GPS)";"0";"km/h";
"32410.45318";"Altitude (GPS)";"6.52471923828125";"m";
"32410.45318";"Average speed (GPS)";"0.986477892289106";"km/h";
"32410.45318";"Speed (GPS)";"0";"km/h";
"32410.46018";"Altitude (GPS)";"3.89999985694885";"m";
"32410.46018";"Average speed (GPS)";"0.986463356591574";"km/h";
"32410.46018";"Speed (GPS)";"0.0992437787353992";"km/h";
"32414.80018";"Altitude (GPS)";"3.89999985694885";"m";
"32414.80018";"Average speed (GPS)";"0.976762222913442";"km/h";
"32414.80018";"Speed (GPS)";"0";"km/h";
"32415.45718";"Altitude (GPS)";"6.46481323242188";"m";
"32415.45718";"Average speed (GPS)";"0.975309488475346";"km/h";
"32415.45718";"Speed (GPS)";"0";"km/h";
"32419.82918";"Altitude (GPS)";"3.89999985694885";"m";
"32419.82918";"Average speed (GPS)";"0.965755195440713";"km/h";
"32419.82918";"Speed (GPS)";"0";"km/h";
"32420.45118";"Altitude (GPS)";"6.39654541015625";"m";
"32420.45118";"Average speed (GPS)";"0.964410949369371";"km/h";
"32420.45118";"Speed (GPS)";"0";"km/h";
"32424.85018";"Altitude (GPS)";"3.89999985694885";"m";
"32424.85018";"Average speed (GPS)";"0.955009964021779";"km/h";
"32424.85018";"Speed (GPS)";"0";"km/h";
"32425.45018";"Altitude (GPS)";"6.32949829101563";"m";
"32425.45018";"Average speed (GPS)";"0.953741634408812";"km/h";
"32425.45018";"Speed (GPS)";"0";"km/h";
"32429.84918";"Altitude (GPS)";"3.89999985694885";"m";
"32429.84918";"Average speed (GPS)";"0.944548113885599";"km/h";
"32429.84918";"Speed (GPS)";"0";"km/h";
"32430.45818";"Altitude (GPS)";"6.26263427734375";"m";
"32430.45818";"Average speed (GPS)";"0.943288613004682";"km/h";
"32430.45818";"Speed (GPS)";"0";"km/h";
"32434.86618";"Altitude (GPS)";"3.89999985694885";"m";
"32434.86618";"Average speed (GPS)";"0.934276249638452";"km/h";
"32434.86618";"Speed (GPS)";"0";"km/h";
"32435.44818";"Altitude (GPS)";"6.21304321289063";"m";
"32435.44818";"Average speed (GPS)";"0.93309900510117";"km/h";
"32435.44818";"Speed (GPS)";"0";"km/h";
"32435.44918";"Altitude (GPS)";"6.21304321289063";"m";
"32435.44918";"Average speed (GPS)";"0.933097223345282";"km/h";
"32435.44918";"Speed (GPS)";"0";"km/h";
"32439.92818";"Altitude (GPS)";"3.89999985694885";"m";
"32439.92818";"Average speed (GPS)";"0.924134950021198";"km/h";
"32439.92818";"Speed (GPS)";"0";"km/h";
"32440.45818";"Altitude (GPS)";"6.166015625";"m";
"32440.45818";"Average speed (GPS)";"0.923086383870817";"km/h";
"32440.45818";"Speed (GPS)";"0";"km/h";
"32440.46518";"Altitude (GPS)";"3.89999985694885";"m";
"32440.46518";"Average speed (GPS)";"0.923293645246616";"km/h";
"32440.46518";"Speed (GPS)";"14.2418037414551";"km/h";
"32440.46618";"Altitude (GPS)";"3.89999985694885";"m";
"32440.46618";"Average speed (GPS)";"0.923323995118565";"km/h";
"32440.46618";"Speed (GPS)";"14.2418037414551";"km/h";
"32441.45418";"Altitude (GPS)";"6.15890502929688";"m";
"32441.45418";"Average speed (GPS)";"0.921374605256467";"km/h";
"32441.45418";"Speed (GPS)";"0";"km/h";
"32441.46118";"Altitude (GPS)";"3.89999985694885";"m";
"32441.46118";"Average speed (GPS)";"0.921549338886084";"km/h";
"32441.46118";"Speed (GPS)";"12.3244577407837";"km/h";
"32441.46318";"Altitude (GPS)";"3.89999985694885";"m";
"32441.46318";"Average speed (GPS)";"0.921597103353529";"km/h";
"32441.46318";"Speed (GPS)";"12.3244577407837";"km/h";
"32442.45218";"Altitude (GPS)";"6.15667724609375";"m";
"32442.45218";"Average speed (GPS)";"0.919653152843111";"km/h";
"32442.45218";"Speed (GPS)";"0";"km/h";
"32442.46518";"Altitude (GPS)";"3.89999985694885";"m";
"32442.46518";"Average speed (GPS)";"0.919820696524675";"km/h";
"32442.46518";"Speed (GPS)";"7.11799650192261";"km/h";
"32443.45618";"Altitude (GPS)";"6.15283203125";"m";
"32443.45618";"Average speed (GPS)";"0.917880872919567";"km/h";
"32443.45618";"Speed (GPS)";"0";"km/h";
"32443.46318";"Altitude (GPS)";"3.89999985694885";"m";
"32443.46318";"Average speed (GPS)";"0.917914060521574";"km/h";
"32443.46318";"Speed (GPS)";"3.19690046310425";"km/h";
"32444.46118";"Average speed (GPS)";"0.915967300655725";"km/h";
"32444.46118";"Speed (GPS)";"0";"km/h";
"32444.46218";"Altitude (GPS)";"6.15048217773438";"m";
"32444.46318";"Altitude (GPS)";"3.89999985694885";"m";
"32444.46318";"Average speed (GPS)";"0.915967908113299";"km/h";
"32444.46318";"Speed (GPS)";"1.09610627889633";"km/h";
"32444.90018";"Altitude (GPS)";"3.89999985694885";"m";
"32444.90018";"Average speed (GPS)";"0.915118815506709";"km/h";
"32444.90018";"Speed (GPS)";"0";"km/h";
"32445.45018";"Altitude (GPS)";"6.12042236328125";"m";
"32445.45018";"Average speed (GPS)";"0.914051728045583";"km/h";
"32445.45018";"Speed (GPS)";"0";"km/h";
"32445.46018";"Altitude (GPS)";"3.89999985694885";"m";
"32445.46018";"Average speed (GPS)";"0.91404663972743";"km/h";
"32445.46018";"Speed (GPS)";"0.656905174255371";"km/h";
"32446.45118";"Altitude (GPS)";"6.11676025390625";"m";
"32446.45118";"Average speed (GPS)";"0.912129597332259";"km/h";
"32446.45118";"Speed (GPS)";"0";"km/h";
"32446.46518";"Altitude (GPS)";"3.89999985694885";"m";
"32446.46518";"Average speed (GPS)";"0.912112042139462";"km/h";
"32446.46518";"Speed (GPS)";"0.318355464935303";"km/h";
"32447.45418";"Altitude (GPS)";"6.11196899414063";"m";
"32447.45418";"Average speed (GPS)";"0.910209584059637";"km/h";
"32447.45418";"Speed (GPS)";"0";"km/h";
"32447.45818";"Altitude (GPS)";"3.89999985694885";"m";
"32447.45818";"Average speed (GPS)";"0.910202915304466";"km/h";
"32447.45818";"Speed (GPS)";"0.120705091953278";"km/h";
"32448.45618";"Altitude (GPS)";"6.10897827148438";"m";
"32448.45618";"Average speed (GPS)";"0.908290045780856";"km/h";
"32448.45618";"Speed (GPS)";"0";"km/h";
"32448.46518";"Altitude (GPS)";"3.89999985694885";"m";
"32448.46518";"Average speed (GPS)";"0.908273183490762";"km/h";
"32448.46518";"Speed (GPS)";"0.031449668481946";"km/h";
"32449.45718";"Altitude (GPS)";"6.10379028320313";"m";
"32449.45718";"Average speed (GPS)";"0.906379320018213";"km/h";
"32449.45718";"Speed (GPS)";"0";"km/h";
"32449.46618";"Altitude (GPS)";"3.89999985694885";"m";
"32449.46618";"Average speed (GPS)";"0.906363588484979";"km/h";
"32449.46618";"Speed (GPS)";"0.00521063692867756";"km/h";
"32449.93318";"Altitude (GPS)";"3.89999985694885";"m";
"32449.93318";"Average speed (GPS)";"0.90547468978627";"km/h";
"32449.93318";"Speed (GPS)";"0";"km/h";
"32450.45618";"Altitude (GPS)";"6.07608032226563";"m";
"32450.45618";"Average speed (GPS)";"0.904482388768851";"km/h";
"32450.45618";"Speed (GPS)";"0";"km/h";
"32450.46218";"Altitude (GPS)";"3.89999985694885";"m";
"32450.46218";"Average speed (GPS)";"0.904477127383372";"km/h";
"32450.46218";"Speed (GPS)";"0.516897189617157";"km/h";
"32451.45518";"Altitude (GPS)";"6.07232666015625";"m";
"32451.45518";"Average speed (GPS)";"0.902598649858711";"km/h";
"32451.45518";"Speed (GPS)";"0";"km/h";
"32451.46318";"Altitude (GPS)";"3.89999985694885";"m";
"32451.46318";"Average speed (GPS)";"0.902590154598854";"km/h";
"32451.46318";"Speed (GPS)";"0.420927160978317";"km/h";
"32452.45318";"Altitude (GPS)";"6.0670166015625";"m";
"32452.45318";"Average speed (GPS)";"0.900723570988295";"km/h";
"32452.45318";"Speed (GPS)";"0";"km/h";
"32452.46218";"Altitude (GPS)";"3.89999985694885";"m";
"32452.46218";"Average speed (GPS)";"0.90071096401849";"km/h";
"32452.46218";"Speed (GPS)";"0.233284351229668";"km/h";
"32453.45718";"Altitude (GPS)";"6.05987548828125";"m";
"32453.45718";"Average speed (GPS)";"0.898844738253068";"km/h";
"32453.45718";"Speed (GPS)";"0";"km/h";
"32453.45918";"Altitude (GPS)";"3.89999985694885";"m";
"32453.45918";"Average speed (GPS)";"0.898841235128018";"km/h";
"32453.45918";"Speed (GPS)";"0.0870695404708385";"km/h";
"32454.45218";"Altitude (GPS)";"6.05081176757813";"m";
"32454.45218";"Average speed (GPS)";"0.896985135118112";"km/h";
"32454.45218";"Speed (GPS)";"0";"km/h";
"32454.46118";"Altitude (GPS)";"3.89999985694885";"m";
"32454.46118";"Average speed (GPS)";"0.896969449773074";"km/h";
"32454.46118";"Speed (GPS)";"0.0219969369471073";"km/h";
"32454.95418";"Altitude (GPS)";"3.89999985694885";"m";
"32454.95418";"Average speed (GPS)";"0.896049875067947";"km/h";
"32454.95418";"Speed (GPS)";"0";"km/h";
"32455.45118";"Altitude (GPS)";"6.01632690429688";"m";
"32455.45118";"Average speed (GPS)";"0.895125682696774";"km/h";
"32455.45118";"Speed (GPS)";"0";"km/h";
"32455.45518";"Altitude (GPS)";"3.89999985694885";"m";
"32455.45518";"Average speed (GPS)";"0.895133943004894";"km/h";
"32455.45518";"Speed (GPS)";"1.99083037376404";"km/h";
"32456.45618";"Altitude (GPS)";"6.0103759765625";"m";
"32456.45618";"Average speed (GPS)";"0.893278850368809";"km/h";
"32456.45618";"Speed (GPS)";"0";"km/h";
"32456.46418";"Altitude (GPS)";"3.89999985694885";"m";
"32456.46418";"Altitude (GPS)";"3.89999985694885";"m";
"32456.46418";"Average speed (GPS)";"0.893290601172917";"km/h";
"32456.46418";"Average speed (GPS)";"0.893291064659926";"km/h";
"32456.46418";"Speed (GPS)";"1.57361040115356";"km/h";
"32456.46418";"Speed (GPS)";"1.57361040115356";"km/h";
"32457.44918";"Altitude (GPS)";"6.00271606445313";"m";
"32457.44918";"Average speed (GPS)";"0.891473817290733";"km/h";
"32457.44918";"Speed (GPS)";"0";"km/h";
"32457.46418";"Altitude (GPS)";"3.89999985694885";"m";
"32457.46418";"Average speed (GPS)";"0.891472222656514";"km/h";
"32457.46418";"Speed (GPS)";"0.84020020365715";"km/h";
"32458.45818";"Altitude (GPS)";"5.9952392578125";"m";
"32458.45818";"Average speed (GPS)";"0.889644809510125";"km/h";
"32458.45818";"Speed (GPS)";"0";"km/h";
"32458.46418";"Altitude (GPS)";"3.89999985694885";"m";
"32458.46418";"Average speed (GPS)";"0.889637847995356";"km/h";
"32458.46418";"Speed (GPS)";"0.347878378629684";"km/h";
"32459.45518";"Altitude (GPS)";"5.98794555664063";"m";
"32459.45518";"Average speed (GPS)";"0.887822509595087";"km/h";
"32459.45518";"Speed (GPS)";"0";"km/h";
"32459.46018";"Altitude (GPS)";"3.89999985694885";"m";
"32459.46018";"Average speed (GPS)";"0.887815390427117";"km/h";
"32459.46018";"Speed (GPS)";"0.106945446878672";"km/h";
"32459.96018";"Altitude (GPS)";"3.89999985694885";"m";
"32459.96018";"Altitude (GPS)";"3.89999985694885";"m";
"32459.96018";"Average speed (GPS)";"0.886902227591641";"km/h";
"32459.96018";"Average speed (GPS)";"0.886901702465183";"km/h";
"32459.96018";"Speed (GPS)";"0";"km/h";
"32459.96018";"Speed (GPS)";"0";"km/h";
"32460.45218";"Altitude (GPS)";"5.96926879882813";"m";
"32460.45218";"Average speed (GPS)";"0.88600554027988";"km/h";
"32460.45218";"Speed (GPS)";"0";"km/h";
"32460.45618";"Altitude (GPS)";"3.89999985694885";"m";
"32460.45618";"Average speed (GPS)";"0.886025268888181";"km/h";
"32460.45618";"Speed (GPS)";"3.75518274307251";"km/h";
"32460.45718";"Altitude (GPS)";"3.89999985694885";"m";
"32460.45718";"Average speed (GPS)";"0.88603353030963";"km/h";
"32460.45718";"Speed (GPS)";"3.75518274307251";"km/h";
"32461.44918";"Altitude (GPS)";"5.96194458007813";"m";
"32461.44918";"Average speed (GPS)";"0.884231952514444";"km/h";
"32461.44918";"Speed (GPS)";"0";"km/h";
"32461.45818";"Altitude (GPS)";"3.89999985694885";"m";
"32461.45818";"Average speed (GPS)";"0.884278947584298";"km/h";
"32461.45818";"Speed (GPS)";"3.40615911483765";"km/h";
"32462.44918";"Altitude (GPS)";"5.9515380859375";"m";
"32462.44918";"Average speed (GPS)";"0.882487938720095";"km/h";
"32462.44918";"Speed (GPS)";"0";"km/h";
"32462.46518";"Altitude (GPS)";"3.89999985694885";"m";
"32462.46518";"Altitude (GPS)";"3.89999985694885";"m";
"32462.46518";"Average speed (GPS)";"0.882527536661493";"km/h";
"32462.46518";"Average speed (GPS)";"0.882528930274436";"km/h";
"32462.46518";"Speed (GPS)";"2.06956779956818";"km/h";
"32462.46518";"Speed (GPS)";"2.06956779956818";"km/h";
"32463.44718";"Altitude (GPS)";"5.94284057617188";"m";
"32463.44718";"Average speed (GPS)";"0.880761187614426";"km/h";
"32463.44718";"Speed (GPS)";"0";"km/h";
"32463.45318";"Altitude (GPS)";"3.89999985694885";"m";
"32463.45318";"Average speed (GPS)";"0.880762414551803";"km/h";
"32463.45318";"Speed (GPS)";"0.984342384338379";"km/h";
"32464.45718";"Average speed (GPS)";"0.87895938065854";"km/h";
"32464.45718";"Speed (GPS)";"0";"km/h";
"32464.45818";"Altitude (GPS)";"5.93789672851563";"m";
"32464.46618";"Altitude (GPS)";"3.89999985694885";"m";
"32464.46618";"Average speed (GPS)";"0.878950397039449";"km/h";
"32464.46618";"Speed (GPS)";"0.358948016166687";"km/h";
"32465.00118";"Altitude (GPS)";"3.89999985694885";"m";
"32465.00118";"Average speed (GPS)";"0.877993182627849";"km/h";
"32465.00118";"Speed (GPS)";"0";"km/h";
"32465.00418";"Altitude (GPS)";"3.89999985694885";"m";
"32465.00418";"Average speed (GPS)";"0.87798728177198";"km/h";
"32465.00418";"Speed (GPS)";"0";"km/h";
"32465.45418";"Altitude (GPS)";"5.9041748046875";"m";
"32465.45418";"Average speed (GPS)";"0.87718559634911";"km/h";
"32465.45418";"Speed (GPS)";"0";"km/h";
"32465.45718";"Altitude (GPS)";"3.89999985694885";"m";
"32465.45718";"Altitude (GPS)";"3.89999985694885";"m";
"32465.45718";"Average speed (GPS)";"0.877200612956672";"km/h";
"32465.45718";"Average speed (GPS)";"0.87720253541743";"km/h";
"32465.45718";"Speed (GPS)";"3.25925409793854";"km/h";
"32465.45718";"Speed (GPS)";"3.25925409793854";"km/h";
"32466.45018";"Altitude (GPS)";"5.90042114257813";"m";
"32466.45018";"Average speed (GPS)";"0.875434866432184";"km/h";
"32466.45018";"Speed (GPS)";"0";"km/h";
"32466.46118";"Altitude (GPS)";"3.89999985694885";"m";
"32466.46118";"Average speed (GPS)";"0.875473592087316";"km/h";
"32466.46118";"Speed (GPS)";"2.60523819923401";"km/h";
"32467.46418";"Altitude (GPS)";"5.89566040039063";"m";
"32467.46418";"Average speed (GPS)";"0.873695939909185";"km/h";
"32467.46418";"Speed (GPS)";"0";"km/h";
"32467.46618";"Altitude (GPS)";"3.89999985694885";"m";
"32467.46618";"Average speed (GPS)";"0.873697804882104";"km/h";
"32467.46618";"Speed (GPS)";"1.40217733383179";"km/h";
"32468.46218";"Altitude (GPS)";"5.88861083984375";"m";
"32468.46218";"Average speed (GPS)";"0.871939103587132";"km/h";
"32468.46218";"Speed (GPS)";"0";"km/h";
"32468.46718";"Altitude (GPS)";"3.89999985694885";"m";
"32468.46718";"Average speed (GPS)";"0.8719363914387";"km/h";
"32468.46718";"Speed (GPS)";"0.586648410558701";"km/h";
"32469.45718";"Altitude (GPS)";"5.8809814453125";"m";
"32469.45718";"Average speed (GPS)";"0.870196087535365";"km/h";
"32469.45718";"Speed (GPS)";"0";"km/h";
"32469.46618";"Altitude (GPS)";"3.89999985694885";"m";
"32469.46618";"Average speed (GPS)";"0.870183444385628";"km/h";
"32469.46618";"Speed (GPS)";"0.182549750804901";"km/h";
"32470.02818";"Altitude (GPS)";"3.89999985694885";"m";
"32470.02818";"Average speed (GPS)";"0.869198781568529";"km/h";
"32470.02818";"Speed (GPS)";"0";"km/h";
"32470.45118";"Altitude (GPS)";"5.84988403320313";"m";
"32470.45118";"Average speed (GPS)";"0.868457713986414";"km/h";
"32470.45118";"Speed (GPS)";"0";"km/h";
"32470.46418";"Altitude (GPS)";"3.89999985694885";"m";
"32470.46418";"Average speed (GPS)";"0.868444371922505";"km/h";
"32470.46418";"Speed (GPS)";"0.351104459166527";"km/h";
"32471.45018";"Altitude (GPS)";"5.84573364257813";"m";
"32471.45018";"Average speed (GPS)";"0.8667242918881";"km/h";
"32471.45018";"Speed (GPS)";"0";"km/h";
"32471.46118";"Altitude (GPS)";"3.89999985694885";"m";
"32471.46118";"Average speed (GPS)";"0.866711625763023";"km/h";
"32471.46118";"Speed (GPS)";"0.295109322667122";"km/h";
"32472.45318";"Altitude (GPS)";"5.84066772460938";"m";
"32472.45318";"Average speed (GPS)";"0.864988328642974";"km/h";
"32472.45318";"Speed (GPS)";"0";"km/h";
"32472.46618";"Altitude (GPS)";"3.89999985694885";"m";
"32472.46618";"Average speed (GPS)";"0.864970625730713";"km/h";
"32472.46618";"Speed (GPS)";"0.164901620149612";"km/h";
"32473.45618";"Altitude (GPS)";"5.83624267578125";"m";
"32473.45618";"Average speed (GPS)";"0.863257104276277";"km/h";
"32473.45618";"Speed (GPS)";"0";"km/h";
"32473.46218";"Altitude (GPS)";"3.89999985694885";"m";
"32473.46218";"Average speed (GPS)";"0.863248158224038";"km/h";
"32473.46218";"Speed (GPS)";"0.0714276686310768";"km/h";
"32474.45718";"Altitude (GPS)";"5.82980346679688";"m";
"32474.45718";"Average speed (GPS)";"0.861532588095619";"km/h";
"32474.45718";"Speed (GPS)";"0";"km/h";
"32474.46218";"Altitude (GPS)";"3.89999985694885";"m";
"32474.46218";"Average speed (GPS)";"0.861525698355713";"km/h";
"32474.46218";"Speed (GPS)";"0.0232617057859898";"km/h";
"32474.99218";"Altitude (GPS)";"3.89999985694885";"m";
"32474.99218";"Altitude (GPS)";"3.89999985694885";"m";
"32474.99218";"Average speed (GPS)";"0.860614894788565";"km/h";
"32474.99218";"Average speed (GPS)";"0.860614407366536";"km/h";
"32474.99218";"Speed (GPS)";"0";"km/h";
"32474.99218";"Speed (GPS)";"0";"km/h";
"32475.45118";"Altitude (GPS)";"5.805908203125";"m";
"32475.45118";"Average speed (GPS)";"0.859827269050672";"km/h";
"32475.45118";"Speed (GPS)";"0";"km/h";
"32475.45518";"Altitude (GPS)";"3.89999985694885";"m";
"32475.45518";"Average speed (GPS)";"0.859946150769018";"km/h";
"32475.45518";"Speed (GPS)";"16.0000230789185";"km/h";
"32475.46218";"Altitude (GPS)";"3.89999985694885";"m";
"32475.46218";"Average speed (GPS)";"0.860147138374786";"km/h";
"32475.46218";"Speed (GPS)";"16.0000230789185";"km/h";
"32476.45018";"Altitude (GPS)";"5.79757690429688";"m";
"32476.45018";"Average speed (GPS)";"0.858456041556362";"km/h";
"32476.45018";"Speed (GPS)";"0";"km/h";
"32476.45318";"Altitude (GPS)";"3.89999985694885";"m";
"32476.45318";"Average speed (GPS)";"0.858518667106321";"km/h";
"32476.45318";"Speed (GPS)";"10.9206624984741";"km/h";
"32480.05018";"Altitude (GPS)";"3.89999985694885";"m";
"32480.05018";"Average speed (GPS)";"0.852422549556209";"km/h";
"32480.05018";"Speed (GPS)";"0";"km/h";
"32480.05318";"Altitude (GPS)";"3.89999985694885";"m";
"32480.05318";"Average speed (GPS)";"0.85241731894484";"km/h";
"32480.05318";"Speed (GPS)";"0";"km/h";
"32480.45218";"Altitude (GPS)";"5.75555419921875";"m";
"32480.45218";"Average speed (GPS)";"0.851746908710281";"km/h";
"32480.45218";"Speed (GPS)";"0";"km/h";
"32483.47318";"Altitude (GPS)";"3.89999985694885";"m";
"32483.47318";"Average speed (GPS)";"0.940310898010274";"km/h";
"32483.47318";"Speed (GPS)";"15.8007053375244";"km/h";
"32483.47418";"Altitude (GPS)";"3.89999985694885";"m";
"32483.47418";"Average speed (GPS)";"0.940354378267732";"km/h";
"32483.47418";"Speed (GPS)";"15.8007053375244";"km/h";
"32484.44418";"Altitude (GPS)";"5.73782348632813";"m";
"32484.44418";"Average speed (GPS)";"0.938569017570665";"km/h";
"32484.44418";"Speed (GPS)";"0";"km/h";
"32484.45018";"Altitude (GPS)";"3.89999985694885";"m";
"32484.45018";"Average speed (GPS)";"0.938706479275407";"km/h";
"32484.45018";"Speed (GPS)";"13.0117023468018";"km/h";
"32484.45118";"Altitude (GPS)";"3.89999985694885";"m";
"32484.45118";"Average speed (GPS)";"0.938734812491951";"km/h";
"32484.45118";"Speed (GPS)";"13.0117023468018";"km/h";
"32485.06918";"Altitude (GPS)";"3.89999985694885";"m";
"32485.06918";"Average speed (GPS)";"0.937600822905612";"km/h";
"32485.06918";"Speed (GPS)";"0";"km/h";
"32485.45218";"Altitude (GPS)";"5.7159423828125";"m";
"32485.45218";"Average speed (GPS)";"0.936899338206575";"km/h";
"32485.45218";"Speed (GPS)";"0";"km/h";
"32485.45818";"Altitude (GPS)";"3.89999985694885";"m";
"32485.45818";"Average speed (GPS)";"0.936956872311957";"km/h";
"32485.45818";"Speed (GPS)";"5.87772631645203";"km/h";
"32486.45018";"Altitude (GPS)";"5.71234130859375";"m";
"32486.45018";"Average speed (GPS)";"0.935145246048237";"km/h";
"32486.45018";"Speed (GPS)";"0";"km/h";
"32486.45718";"Altitude (GPS)";"3.89999985694885";"m";
"32486.45718";"Average speed (GPS)";"0.935159167325674";"km/h";
"32486.45718";"Speed (GPS)";"1.97102794647217";"km/h";
"32487.45718";"Altitude (GPS)";"5.70556640625";"m";
"32487.45718";"Average speed (GPS)";"0.933338820498997";"km/h";
"32487.45718";"Speed (GPS)";"0";"km/h";
"32487.46118";"Altitude (GPS)";"3.89999985694885";"m";
"32487.46118";"Average speed (GPS)";"0.933334042083661";"km/h";
"32487.46118";"Speed (GPS)";"0.343595990538597";"km/h";
"32487.46218";"Altitude (GPS)";"3.89999985694885";"m";
"32487.46218";"Average speed (GPS)";"0.933333593393979";"km/h";
"32487.46218";"Speed (GPS)";"0.343595990538597";"km/h";
"32488.45018";"Altitude (GPS)";"5.70266723632813";"m";
"32488.45018";"Average speed (GPS)";"0.931542326687018";"km/h";
"32488.45018";"Speed (GPS)";"0";"km/h";
"32488.46818";"Altitude (GPS)";"3.89999985694885";"m";
"32488.46818";"Average speed (GPS)";"0.931514912178737";"km/h";
"32488.46818";"Speed (GPS)";"0.147479666769505";"km/h";
"32489.45518";"Altitude (GPS)";"5.69790649414063";"m";
"32489.45518";"Average speed (GPS)";"0.929731976130652";"km/h";
"32489.45518";"Speed (GPS)";"0";"km/h";
"32489.45918";"Altitude (GPS)";"3.89999985694885";"m";
"32489.45918";"Average speed (GPS)";"0.929726223032258";"km/h";
"32489.45918";"Speed (GPS)";"0.196871083974838";"km/h";
"32490.07218";"Altitude (GPS)";"3.89999985694885";"m";
"32490.07218";"Average speed (GPS)";"0.928622900661637";"km/h";
"32490.07218";"Speed (GPS)";"0";"km/h";
"32490.07318";"Altitude (GPS)";"3.89999985694885";"m";
"32490.07318";"Average speed (GPS)";"0.928622449406207";"km/h";
"32490.07318";"Speed (GPS)";"0";"km/h";
"32490.45818";"Altitude (GPS)";"5.67337036132813";"m";
"32490.45818";"Average speed (GPS)";"0.927929414715972";"km/h";
"32490.45818";"Speed (GPS)";"0";"km/h";
"32490.46518";"Altitude (GPS)";"3.89999985694885";"m";
"32490.46518";"Average speed (GPS)";"0.927924482722109";"km/h";
"32490.46518";"Speed (GPS)";"0.567228841781616";"km/h";
"32491.45318";"Altitude (GPS)";"5.66781616210938";"m";
"32491.45318";"Average speed (GPS)";"0.926155310250279";"km/h";
"32491.45318";"Speed (GPS)";"0";"km/h";
"32491.45818";"Altitude (GPS)";"3.89999985694885";"m";
"32491.45818";"Average speed (GPS)";"0.926150660051025";"km/h";
"32491.45818";"Speed (GPS)";"0.479330813884735";"km/h";
"32492.45118";"Altitude (GPS)";"5.66632080078125";"m";
"32492.45118";"Average speed (GPS)";"0.924379305294734";"km/h";
"32492.45118";"Speed (GPS)";"0";"km/h";
"32492.46118";"Altitude (GPS)";"3.89999985694885";"m";
"32492.46118";"Average speed (GPS)";"0.924365919551771";"km/h";
"32492.46118";"Speed (GPS)";"0.266049841046333";"km/h";
"32493.45518";"Average speed (GPS)";"0.922599635747645";"km/h";
"32493.45518";"Speed (GPS)";"0";"km/h";
"32493.45918";"Altitude (GPS)";"5.66140747070313";"m";
"32493.47218";"Altitude (GPS)";"3.89999985694885";"m";
"32493.47218";"Average speed (GPS)";"0.922572812658439";"km/h";
"32493.47218";"Speed (GPS)";"0.114372691512108";"km/h";
"32494.45618";"Altitude (GPS)";"5.65521240234375";"m";
"32494.45618";"Average speed (GPS)";"0.920830584134049";"km/h";
"32494.45618";"Speed (GPS)";"0";"km/h";
"32494.46118";"Altitude (GPS)";"3.89999985694885";"m";
"32494.46118";"Average speed (GPS)";"0.92082235676118";"km/h";
"32494.46118";"Speed (GPS)";"0.103253057599068";"km/h";
"32495.05618";"Altitude (GPS)";"3.89999985694885";"m";
"32495.05618";"Average speed (GPS)";"0.919771703931309";"km/h";
"32495.05618";"Speed (GPS)";"0";"km/h";
"32495.44418";"Altitude (GPS)";"5.63156127929688";"m";
"32495.44418";"Average speed (GPS)";"0.919087662340874";"km/h";
"32495.44418";"Speed (GPS)";"0";"km/h";
"32495.44818";"Altitude (GPS)";"3.89999985694885";"m";
"32495.44818";"Average speed (GPS)";"0.919087377082551";"km/h";
"32495.44818";"Speed (GPS)";"0.88518278002739";"km/h";
"32506.21018";"Altitude (GPS)";"3.89999985694885";"m";
"32506.21018";"Average speed (GPS)";"0.900518102701291";"km/h";
"32506.21018";"Speed (GPS)";"0";"km/h";
"32508.46018";"Altitude (GPS)";"5.579833984375";"m";
"32508.46018";"Altitude (GPS)";"5.579833984375";"m";
"32508.46018";"Average speed (GPS)";"0.896731413999188";"km/h";
"32508.46018";"Average speed (GPS)";"0.896731028424726";"km/h";
"32508.46018";"Speed (GPS)";"0";"km/h";
"32508.46018";"Speed (GPS)";"0";"km/h";
"32508.47218";"Altitude (GPS)";"3.89999985694885";"m";
"32508.47218";"Average speed (GPS)";"0.896753025018264";"km/h";
"32508.47218";"Speed (GPS)";"1.84610202312469";"km/h";
"32509.56818";"Average speed (GPS)";"0.8949191601935";"km/h";
"32509.56818";"Speed (GPS)";"0";"km/h";
"32509.56918";"Altitude (GPS)";"5.57986450195313";"m";
"32509.57018";"Altitude (GPS)";"3.89999985694885";"m";
"32509.57018";"Average speed (GPS)";"0.894926530581949";"km/h";
"32509.57018";"Speed (GPS)";"2.91780223846436";"km/h";
"32510.45018";"Altitude (GPS)";"5.57870483398438";"m";
"32510.45018";"Average speed (GPS)";"0.893459982991043";"km/h";
"32510.45018";"Speed (GPS)";"0";"km/h";
"32510.45618";"Altitude (GPS)";"3.89999985694885";"m";
"32510.45618";"Average speed (GPS)";"0.893457123767582";"km/h";
"32510.45618";"Speed (GPS)";"0.601275461912155";"km/h";
"32511.44918";"Altitude (GPS)";"5.57882690429688";"m";
"32511.44918";"Average speed (GPS)";"0.891807660295843";"km/h";
"32511.44918";"Speed (GPS)";"0";"km/h";
"32511.45518";"Altitude (GPS)";"3.89999985694885";"m";
"32511.45518";"Average speed (GPS)";"0.891807020564023";"km/h";
"32511.45518";"Speed (GPS)";"0.833934187889099";"km/h";
"32512.44918";"Altitude (GPS)";"3.89999985694885";"m";
"32512.44918";"Average speed (GPS)";"0.890161769149843";"km/h";
"32512.44918";"Speed (GPS)";"0";"km/h";
"32512.45118";"Altitude (GPS)";"5.57794189453125";"m";
"32512.45118";"Average speed (GPS)";"0.890158762862988";"km/h";
"32512.45118";"Speed (GPS)";"0";"km/h";
"32512.45418";"Altitude (GPS)";"3.89999985694885";"m";
"32512.45418";"Average speed (GPS)";"0.890155910413754";"km/h";
"32512.45418";"Speed (GPS)";"0.498015350103378";"km/h";
"32513.44918";"Altitude (GPS)";"5.56829833984375";"m";
"32513.44918";"Average speed (GPS)";"0.888516516126748";"km/h";
"32513.44918";"Speed (GPS)";"0";"km/h";
"32513.45518";"Altitude (GPS)";"3.89999985694885";"m";
"32513.45518";"Average speed (GPS)";"0.888672562422252";"km/h";
"32513.45518";"Speed (GPS)";"15.3994297027588";"km/h";
"32519.84918";"Altitude (GPS)";"3.89999985694885";"m";
"32519.84918";"Average speed (GPS)";"0.87827037848304";"km/h";
"32519.84918";"Speed (GPS)";"0";"km/h";
"32520.45418";"Altitude (GPS)";"5.53866577148438";"m";
"32520.45418";"Average speed (GPS)";"0.877299650998886";"km/h";
"32520.45418";"Speed (GPS)";"0";"km/h";
"32524.82918";"Altitude (GPS)";"3.89999985694885";"m";
"32524.82918";"Average speed (GPS)";"0.870337012746947";"km/h";
"32524.82918";"Speed (GPS)";"0";"km/h";
"32525.44918";"Altitude (GPS)";"5.53579711914063";"m";
"32525.44918";"Average speed (GPS)";"0.869359532949236";"km/h";
"32525.44918";"Speed (GPS)";"0";"km/h";
"32534.29718";"Altitude (GPS)";"3.89999985694885";"m";
"32534.29718";"Average speed (GPS)";"0.855641321195935";"km/h";
"32534.29718";"Speed (GPS)";"0";"km/h";
"32534.44518";"Altitude (GPS)";"5.512451171875";"m";
"32534.44518";"Average speed (GPS)";"0.855415886010645";"km/h";
"32534.44518";"Speed (GPS)";"0";"km/h";
"32534.74218";"Average speed (GPS)";"0.854962369053847";"km/h";
"32534.74218";"Speed (GPS)";"0";"km/h";
"32534.74318";"Altitude (GPS)";"2.59999990463257";"m";
"32534.74418";"Altitude (GPS)";"2.59999990463257";"m";
"32534.74418";"Average speed (GPS)";"0.854960748084806";"km/h";
"32534.74418";"Speed (GPS)";"0";"km/h";
"32535.45318";"Altitude (GPS)";"5.5133056640625";"m";
"32535.45318";"Average speed (GPS)";"0.853881034178241";"km/h";
"32535.45318";"Speed (GPS)";"0";"km/h";
"32542.15018";"Average speed (GPS)";"0.843823567035093";"km/h";
"32542.15018";"Speed (GPS)";"0";"km/h";
"32542.15118";"Altitude (GPS)";"3.89999985694885";"m";
"32542.15118";"Altitude (GPS)";"3.89999985694885";"m";
"32542.15118";"Average speed (GPS)";"0.843822744882258";"km/h";
"32542.15118";"Speed (GPS)";"0";"km/h";
"32542.45218";"Altitude (GPS)";"5.48919677734375";"m";
"32542.45218";"Average speed (GPS)";"0.843375701456893";"km/h";
"32542.45218";"Speed (GPS)";"0";"km/h";
"32547.17918";"Altitude (GPS)";"3.89999985694885";"m";
"32547.17918";"Altitude (GPS)";"3.89999985694885";"m";
"32547.17918";"Average speed (GPS)";"0.836426313734037";"km/h";
"32547.17918";"Average speed (GPS)";"0.83642598128126";"km/h";
"32547.17918";"Speed (GPS)";"0";"km/h";
"32547.17918";"Speed (GPS)";"0";"km/h";
"32547.45318";"Altitude (GPS)";"5.47091674804688";"m";
"32547.45318";"Average speed (GPS)";"0.83602669804611";"km/h";
"32547.45318";"Speed (GPS)";"0";"km/h";
